<?xml version="1.0" encoding="UTF-8" ?>
<module>
    <name>Gestionfraisdeport</name>
    <displayName><![CDATA[Gestion de frais de port]]></displayName>
    <version><![CDATA[1.0.0]]></version>
    <description><![CDATA[Gestion frais de port]]></description>
    <author><![CDATA[KiweeRouge]]></author>
    <tab><![CDATA[administration]]></tab>
	<confirmUninstall><![CDATA[Are you sure to uninstall?]]></confirmUninstall>
    <is_configurable>1</is_configurable>
    <need_instance>0</need_instance>
	<limited_countries></limited_countries>
</module>