<?xml version="1.0" encoding="UTF-8" ?>
<module>
    <name>moduletexte</name>
    <displayName><![CDATA[moduletexte]]></displayName>
    <version><![CDATA[1.1.3]]></version>
    <description><![CDATA[moduletexte]]></description>
    <author><![CDATA[Julien R.]]></author>
    <tab><![CDATA[front_office_features]]></tab>
	<confirmUninstall><![CDATA[Are you sure you want to uninstall?]]></confirmUninstall>
    <is_configurable>1</is_configurable>
    <need_instance>0</need_instance>
	<limited_countries></limited_countries>
</module>