<?xml version="1.0" encoding="UTF-8" ?>
<module>
    <name>deligumesms</name>
    <displayName><![CDATA[Deligume SMS : V&eacute;rification des commandes 2018-06-20]]></displayName>
    <version><![CDATA[1.0.0]]></version>
    <description><![CDATA[Syst&egrave;me d&#039;envoie SMS par rapport aux commandes]]></description>
    <author><![CDATA[Kiweerouge]]></author>
    <tab><![CDATA[administration]]></tab>
	<confirmUninstall><![CDATA[Etes-vous sûr de vouloir désinstaller ?]]></confirmUninstall>
    <is_configurable>1</is_configurable>
    <need_instance>0</need_instance>
	<limited_countries></limited_countries>
</module>