<?xml version="1.0" encoding="UTF-8" ?>
<module>
    <name>htmlbox</name>
    <displayName><![CDATA[Dynamic text]]></displayName>
    <version><![CDATA[1.6.9]]></version>
    <description><![CDATA[Duplication du module &quot;Bloc de texte personnalis&eacute;&quot; pour affichage multiposition.]]></description>
    <author><![CDATA[Eqima]]></author>
    <tab><![CDATA[front_office_features]]></tab>
    <is_configurable>1</is_configurable>
    <need_instance>1</need_instance>
	<limited_countries></limited_countries>
</module>