<?xml version="1.0" encoding="UTF-8" ?>
<module>
    <name>commandetournee</name>
    <displayName><![CDATA[Commandetournee Module]]></displayName>
    <version><![CDATA[1.0]]></version>
    <description><![CDATA[Module commandetournee creation]]></description>
    <author><![CDATA[Kiweerouge]]></author>
    <tab><![CDATA[front_office_features]]></tab>
    <is_configurable>1</is_configurable>
    <need_instance>0</need_instance>
	<limited_countries></limited_countries>
</module>